opportunity_id,account_id,account_name,opportunity_name,stage,amount,currency,close_date,created_date,days_in_stage,deal_type,contract_term_months,owner_name,last_activity_date,probability,next_step,partner_id
OPP-00001,ACC-00001,Quantum Dynamics Inc.,Quantum Dynamics Inc. - Suite 2yr Deal,Closed Won,348000,USD,2024-04-03,2023-12-07,9,New Business,24,Sarah Chen,2024-04-03,100,,
OPP-00002,ACC-00002,Meridian Health,Meridian Health - Platform 2yr Deal,Closed Won,102000,USD,2024-11-26,2023-10-12,18,New Business,24,Emma Thompson,2024-11-26,100,,
OPP-00003,ACC-00003,Atlas Logistics,Atlas Logistics - Platform 3yr Deal,Closed Won,171000,USD,2024-12-29,2024-07-14,22,New Business,36,Emma Thompson,2024-12-29,100,,
OPP-00004,ACC-00004,Novatech,Novatech - Platform 3yr Deal,Closed Won,393000,USD,2024-08-30,2024-04-06,8,New Business,36,Emma Thompson,2024-08-30,100,,
OPP-00005,ACC-00005,Lumin Digital,Lumin Digital - Suite 3yr Deal,Closed Won,576000,USD,2024-10-28,2024-03-11,29,New Business,36,Emma Thompson,2024-10-28,100,,
OPP-00006,ACC-00006,Clearview Analytics Inc.,Clearview Analytics Inc. - Suite 2yr Deal,Closed Won,306000,USD,2025-01-07,2024-07-13,23,New Business,24,James Park,2025-01-07,100,,
OPP-00007,ACC-00007,Prism Software Solutions,Prism Software Solutions - Platform 2yr Deal,Closed Won,282000,USD,2024-12-10,2024-05-12,6,New Business,24,Sarah Chen,2024-12-10,100,,
OPP-00008,ACC-00008,Summit Financial Group,Summit Financial Group - Suite 3yr Deal,Closed Won,348000,USD,2024-12-15,2024-07-20,14,New Business,36,Lisa Wang,2024-12-15,100,,
OPP-00009,ACC-00009,Horizon Media Partners,Horizon Media Partners - Suite 3yr Deal,Closed Won,186000,USD,2024-10-05,2023-08-13,20,New Business,36,James Park,2024-10-05,100,,
OPP-00010,ACC-00010,Vertex Engineering Ltd.,Vertex Engineering Ltd. - Suite 2yr Deal,Closed Won,252000,USD,2024-11-01,2024-06-03,12,Expansion,24,David Kim,2024-11-01,100,,
OPP-00011,ACC-00011,Stratos Cloud Services,Stratos Cloud Services - Enterprise 2yr Deal,Closed Won,226000,USD,2025-01-30,2023-11-28,19,Expansion,24,Sarah Chen,2025-01-30,100,,
OPP-00012,ACC-00012,Pinnacle Retail Group,Pinnacle Retail Group - Platform 2yr Deal,Closed Won,242000,USD,2024-10-08,2024-06-22,29,New Business,24,Emma Thompson,2024-10-08,100,,
OPP-00013,ACC-00013,Catalyst Innovation Labs,Catalyst Innovation Labs - Platform 3yr Deal,Closed Won,555000,USD,2025-02-21,2024-03-26,17,Expansion,36,Emma Thompson,2025-02-21,100,,
OPP-00014,ACC-00014,Redwood Mfg Corp,Redwood Mfg Corp - Enterprise 2yr Deal,Closed Won,216000,USD,2024-10-22,2024-01-29,13,New Business,24,Emma Thompson,2024-10-22,100,,
OPP-00015,ACC-00023,Nebula Systems Inc.,Nebula Systems Inc. - Platform 3yr Deal,Closed Won,306000,USD,2024-06-28,2023-08-04,30,New Business,36,Mike Rodriguez,2024-06-28,100,,
OPP-00016,ACC-00024,Ironclad Sec,Ironclad Sec - Enterprise 2yr Deal,Closed Won,156000,USD,2024-10-21,2023-06-25,29,New Business,24,Mike Rodriguez,2024-10-21,100,,
OPP-00017,ACC-00025,ByteForge Inc.,ByteForge Inc. - Platform 2yr Deal,Closed Won,310000,USD,2025-01-08,2024-07-27,12,New Business,24,Lisa Wang,2025-01-08,100,,
OPP-00018,ACC-00026,Datastream,Datastream - Enterprise 2yr Deal,Closed Won,296000,USD,2025-01-29,2023-12-28,10,Expansion,24,Lisa Wang,2025-01-29,100,,
OPP-00019,ACC-00027,CloudPeak,CloudPeak - Suite 3yr Deal,Closed Won,156000,USD,2025-01-06,2024-05-23,29,Expansion,36,David Kim,2025-01-06,100,,
OPP-00020,ACC-00028,Silverline Technology,Silverline Technology - Enterprise 2yr Deal,Closed Won,138000,USD,2024-05-17,2023-10-14,21,Expansion,24,James Park,2024-05-17,100,,
OPP-00021,ACC-00029,Nextera,Nextera - Platform 2yr Deal,Closed Won,142000,USD,2024-10-13,2023-06-13,5,Expansion,24,Sarah Chen,2024-10-13,100,,
OPP-00022,ACC-00030,CoreStack,CoreStack - Enterprise 2yr Deal,Closed Won,110000,USD,2024-07-10,2023-08-23,23,New Business,24,Emma Thompson,2024-07-10,100,,
OPP-00023,ACC-00031,Pulse Analytics Inc.,Pulse Analytics Inc. - Platform 3yr Deal,Closed Won,399000,USD,2024-05-04,2023-06-05,10,New Business,36,Sarah Chen,2024-05-04,100,,
OPP-00024,ACC-00032,Arcus Tech,Arcus Tech - Platform 2yr Deal,Closed Won,134000,USD,2024-11-02,2023-12-22,13,New Business,24,Emma Thompson,2024-11-02,100,,
OPP-00025,ACC-00033,TerraForm,TerraForm - Suite 3yr Deal,Negotiation,297000,USD,2025-08-28,2024-06-19,68,Expansion,36,Emma Thompson,2025-03-08,71,Contract review,
OPP-00026,ACC-00034,Vanta,Vanta - Platform 2yr Deal,Negotiation,164000,USD,2025-07-10,2024-08-23,83,New Business,24,James Park,2025-03-06,67,Contract review,
OPP-00027,ACC-00035,Codex,Codex - Platform 2yr Deal,Negotiation,380000,USD,2025-05-11,2024-04-10,79,New Business,24,Mike Rodriguez,2025-03-20,77,Contract review,
OPP-00028,ACC-00036,Synthetix,Synthetix - Suite 2yr Deal,Negotiation,354000,USD,2025-04-12,2024-03-13,66,Expansion,24,Mike Rodriguez,2025-03-14,78,Contract review,
OPP-00029,ACC-00037,PixelWave Studios,PixelWave Studios - Platform 2yr Deal,Negotiation,304000,USD,2025-08-02,2024-01-06,85,New Business,24,David Kim,2025-03-22,87,Contract review,
OPP-00030,ACC-00038,Alpine Data,Alpine Data - Suite 3yr Deal,Negotiation,315000,USD,2025-06-03,2024-04-05,32,New Business,36,James Park,2025-03-24,67,Contract review,
OPP-00031,ACC-00039,Orbis Technology,Orbis Technology - Suite 2yr Deal,Negotiation,98000,USD,2025-04-14,2024-08-04,52,New Business,24,Lisa Wang,2025-03-18,68,Contract review,
OPP-00032,ACC-00040,NightOwl,NightOwl - Platform 3yr Deal,Negotiation,153000,USD,2025-06-12,2023-09-07,88,New Business,36,Mike Rodriguez,2025-03-15,80,Contract review,
OPP-00033,ACC-00041,Kinetic Sys,Kinetic Sys - Multi-Year Escalator Deal,Closed Won,171000,USD,2024-11-12,2024-02-12,41,New Business,24,Mike Rodriguez,2025-03-24,100,"Y1: 50K, Y2: 55K, Y3: 60K",
OPP-00034,ACC-00042,Zenith AI Corp,Zenith AI Corp - Multi-Year Escalator Deal,Closed Won,403000,USD,2024-09-06,2024-07-04,17,New Business,24,Lisa Wang,2025-03-24,100,"Annual escalator: Y1 $120K, Y2 $132K, Y3 $145K",
OPP-00035,ACC-00043,DragonCloud,DragonCloud - Multi-Year Escalator Deal,Closed Won,270000,USD,2025-02-02,2023-11-01,31,New Business,36,Sarah Chen,2025-03-26,100,"Y1: 80K, Y2: 88K, Y3: 96K",
OPP-00036,ACC-00044,SilkRoute,SilkRoute - Multi-Year Escalator Deal,Closed Won,186000,USD,2023-12-31,2023-08-01,20,New Business,24,Mike Rodriguez,2025-03-12,100,"Ramp: Y1 $40K, Y2 $60K, Y3 $80K",
OPP-00037,ACC-00045,Aurora Technology,Aurora Technology - Multi-Year Escalator Deal,Closed Won,337000,USD,2024-10-17,2023-06-01,47,New Business,24,Mike Rodriguez,2025-03-17,100,"Y1: 100K, Y2: 110K, Y3: 121K",
OPP-00038,ACC-00046,Nuvola,Nuvola - Multi-Year Escalator Deal,Closed Won,254250,USD,2024-10-06,2024-07-14,29,New Business,36,James Park,2025-03-14,100,"Annual escalator: Y1 $75K, Y2 $82.5K, Y3 $90.75K",
OPP-00039,ACC-00047,DigitalBridge,DigitalBridge - Multi-Year Escalator Deal,Negotiation,423000,USD,2025-08-15,2023-06-03,22,New Business,36,Sarah Chen,2025-03-11,73,"Y1: 200K, Y2: 220K",
OPP-00040,ACC-00048,Cloud Vista Inc.,Cloud Vista Inc. - Multi-Year Escalator Deal,Negotiation,502500,USD,2025-05-17,2024-02-05,16,New Business,36,David Kim,2025-03-25,82,"Ramp: Y1 $150K, Y2 $165K, Y3 $181.5K",
OPP-00041,ACC-00030,CoreStack,CoreStack - Suite Upgrade,Negotiation,136000,USD,2025-05-29,2023-12-22,296,Expansion,12,James Park,2025-03-19,42,,
OPP-00042,ACC-00031,Pulse Analytics Inc.,Pulse Analytics Inc. - Annual Contract,Negotiation,44000,USD,2025-05-15,2023-04-04,260,Renewal,12,Mike Rodriguez,2025-03-17,39,Waiting on budget approval,
OPP-00043,ACC-00032,Arcus Tech,Arcus Tech - Enterprise License,Negotiation,130000,USD,2024-09-04,2023-06-25,360,Renewal,12,Emma Thompson,2024-05-07,57,Follow up call,
OPP-00044,ACC-00033,TerraForm,TerraForm - Annual Contract,Negotiation,115000,USD,2024-08-11,2023-01-10,218,Renewal,12,Sarah Chen,2024-08-06,57,Waiting on budget approval,
OPP-00045,ACC-00034,Vanta,Vanta - Enterprise License,Negotiation,41000,USD,2024-06-16,2023-03-05,230,Renewal,12,Sarah Chen,2024-10-27,32,TBD,
OPP-00046,ACC-00035,Codex,Codex - Annual Contract,Negotiation,90000,USD,2025-01-23,2023-03-24,301,New Business,12,Lisa Wang,2024-07-17,43,,
OPP-00047,ACC-00036,Synthetix,Synthetix - Suite Upgrade,Negotiation,167000,USD,2025-04-18,2023-09-28,278,Renewal,12,Lisa Wang,2024-03-20,31,Waiting on budget approval,
OPP-00048,ACC-00037,PixelWave Studios,PixelWave Studios - Annual Contract,Negotiation,62000,USD,2025-01-21,2024-01-18,207,Renewal,12,David Kim,2024-10-02,33,Pending legal review,
OPP-00049,ACC-00038,Alpine Data,Alpine Data - Enterprise License,Negotiation,153000,USD,2025-02-18,2023-07-29,233,New Business,12,Emma Thompson,2024-07-26,57,Pending legal review,
OPP-00050,ACC-00039,Orbis Technology,Orbis Technology - Suite Upgrade,Negotiation,115000,USD,2024-12-24,2023-06-07,257,New Business,12,Lisa Wang,2024-04-28,40,Follow up call,
OPP-00051,ACC-00040,NightOwl,NightOwl - Annual Contract,Negotiation,72000,USD,2024-11-23,2023-06-16,320,Expansion,12,James Park,2024-07-14,38,Follow up call,
OPP-00052,ACC-00041,Kinetic Sys,Kinetic Sys - Enterprise License,Negotiation,101000,USD,2024-12-28,2024-02-18,336,New Business,12,Lisa Wang,2024-03-19,36,,
OPP-00053,ACC-00042,Zenith AI Corp,Zenith AI Corp - Platform Deal,Negotiation,170000,USD,2024-09-11,2024-01-10,211,Expansion,12,David Kim,2024-09-06,31,,
OPP-00054,ACC-00043,DragonCloud,DragonCloud - Platform Deal,Negotiation,75000,USD,2025-02-19,2023-03-17,249,Expansion,12,Sarah Chen,2024-03-01,47,Waiting on budget approval,
OPP-00055,ACC-00044,SilkRoute,SilkRoute - Enterprise License,Negotiation,74000,USD,2024-12-16,2023-01-23,343,Renewal,12,Emma Thompson,2024-07-22,35,Pending legal review,
OPP-00056,ACC-00045,Aurora Technology,Aurora Technology - Platform Deal,Negotiation,108000,USD,2025-01-12,2023-12-13,191,New Business,12,James Park,2024-03-03,48,Pending legal review,
OPP-00057,ACC-00046,Nuvola,Nuvola - Enterprise License,Negotiation,105000,USD,2024-12-28,2023-12-02,194,Renewal,12,James Park,2024-10-26,55,Waiting on budget approval,
OPP-00058,ACC-00047,DigitalBridge,DigitalBridge - Enterprise License,Negotiation,47000,USD,2024-12-08,2023-08-24,359,New Business,12,Emma Thompson,2024-04-04,44,Waiting on budget approval,
OPP-00059,ACC-00048,Cloud Vista Inc.,Cloud Vista Inc. - Enterprise License,Negotiation,60000,USD,2024-12-05,2023-08-03,329,Expansion,12,Lisa Wang,2024-03-14,41,Follow up call,
OPP-00060,ACC-00049,Verdant Sys,Verdant Sys - Enterprise License,Negotiation,101000,USD,2025-03-27,2023-06-15,318,Renewal,12,Emma Thompson,2024-09-28,45,Pending legal review,
OPP-00061,ACC-00050,Helix,Helix - Enterprise License,Negotiation,96000,USD,2025-04-29,2023-01-11,182,New Business,12,David Kim,2024-10-21,40,Follow up call,
OPP-00062,ACC-00051,Cirrus Logic,Cirrus Logic - Suite Upgrade,Negotiation,187000,USD,2025-04-12,2023-02-20,324,Renewal,12,Sarah Chen,2024-04-02,55,,
OPP-00063,ACC-00052,DeepField,DeepField - Suite Upgrade,Negotiation,129000,USD,2024-06-04,2023-12-19,336,Expansion,12,Emma Thompson,2024-07-23,33,Follow up call,
OPP-00064,ACC-00053,Lightspeed,Lightspeed - Suite Upgrade,Negotiation,81000,USD,2025-04-15,2023-10-28,335,Renewal,12,Lisa Wang,2024-11-09,50,TBD,
OPP-00065,ACC-00054,OmniCore,OmniCore - Annual Contract,Negotiation,48000,USD,2025-02-13,2023-06-03,360,Expansion,12,Emma Thompson,2024-06-18,42,,
OPP-00066,ACC-00055,Flux Technology,Flux Technology - Annual Contract,Negotiation,164000,USD,2024-06-25,2023-04-30,321,Renewal,12,David Kim,2024-06-23,41,Follow up call,
OPP-00067,ACC-00056,Sapient,Sapient - Platform Deal,Negotiation,121000,USD,2025-02-01,2023-10-23,184,New Business,12,Lisa Wang,2024-07-27,57,TBD,
OPP-00068,ACC-00057,Wavelength,Wavelength - Enterprise License,Negotiation,168000,USD,2025-01-23,2024-02-03,388,New Business,12,Lisa Wang,2024-05-17,32,TBD,
OPP-00069,ACC-00058,EdgePoint,EdgePoint - Enterprise License,Negotiation,163000,USD,2024-11-09,2024-02-20,204,Expansion,12,David Kim,2024-11-05,40,,
OPP-00070,ACC-00059,Cortex Auto,Cortex Auto - Platform Deal,Negotiation,70000,USD,2025-02-25,2024-02-24,191,Expansion,12,Emma Thompson,2024-03-24,45,,
OPP-00071,ACC-00055,Flux Technology,Flux Technology - Platform Subscription,Closed Won,66000,USD,2024-07-27,2024-01-24,19,New Business,12,Lisa Wang,2024-07-27,100,,
OPP-00072,ACC-00056,Sapient,Sapient - Platform Subscription,Closed Won,46000,USD,2025-01-28,2024-04-27,3,New Business,12,David Kim,2025-01-28,100,,
OPP-00073,ACC-00057,Wavelength,Wavelength - New License,Closed Won,116000,USD,2025-01-14,2023-09-12,10,New Business,12,Mike Rodriguez,2025-01-14,100,,
OPP-00074,ACC-00058,EdgePoint,EdgePoint - Platform Subscription,Closed Won,95000,USD,2024-09-19,2024-05-16,18,New Business,12,Emma Thompson,2024-09-19,100,,
OPP-00075,ACC-00059,Cortex Auto,Cortex Auto - Annual Agreement,Closed Won,69000,USD,2024-03-28,2023-08-19,6,New Business,12,Emma Thompson,2024-03-28,100,,
OPP-00076,ACC-00060,MedVantage Health,MedVantage Health - Platform Subscription,Closed Won,56000,USD,2024-11-29,2024-09-23,9,New Business,12,Mike Rodriguez,2024-11-29,100,,
OPP-00077,ACC-00061,CarePath,CarePath - New License,Closed Won,81000,USD,2024-12-17,2024-06-08,3,New Business,12,David Kim,2024-12-17,100,,
OPP-00078,ACC-00062,Vitality Health,Vitality Health - Annual Agreement,Closed Won,83000,USD,2024-11-17,2024-06-20,3,New Business,12,Sarah Chen,2024-11-17,100,,
OPP-00079,ACC-00063,BioSync,BioSync - Annual Agreement,Closed Won,103000,USD,2024-06-14,2024-02-07,9,New Business,12,James Park,2024-06-14,100,,
OPP-00080,ACC-00064,HealthGrid Inc.,HealthGrid Inc. - Annual Agreement,Closed Won,56000,USD,2024-05-08,2024-03-09,13,New Business,12,Emma Thompson,2024-05-08,100,,
OPP-00081,ACC-00065,Aether Med,Aether Med - New License,Closed Won,35000,USD,2025-02-18,2024-09-09,16,New Business,12,Sarah Chen,2025-02-18,100,,
OPP-00082,ACC-00066,NovaCare,NovaCare - Annual Agreement,Closed Won,36000,USD,2024-12-20,2023-12-14,3,New Business,12,Emma Thompson,2024-12-20,100,,
OPP-00083,ACC-00067,Centric Health Solutions,Centric Health Solutions - Annual Agreement,Closed Won,43000,USD,2024-09-14,2023-08-26,10,New Business,12,Lisa Wang,2024-09-14,100,,
OPP-00084,ACC-00068,Pacific Health,Pacific Health - Annual Agreement,Closed Won,75000,USD,2024-06-15,2023-12-19,18,New Business,12,Sarah Chen,2024-06-15,100,,
OPP-00085,ACC-00069,MedBridge,MedBridge - Annual Agreement,Closed Won,57000,USD,2024-12-11,2023-06-26,9,New Business,12,David Kim,2024-12-11,100,,
OPP-00086,ACC-00023,Nebula Systems Inc.,Nebula Systems Inc. - Partner Deal (PTR-001),Closed Won,38000,USD,2024-09-29,2024-03-19,14,Expansion,12,Mike Rodriguez,2024-09-22,100,,PTR-001
OPP-00087,ACC-00024,Ironclad Sec,Ironclad Sec - Partner Deal (PTR-002),Proposal,87000,USD,2025-04-01,2024-03-30,10,New Business,12,David Kim,2025-04-01,40,Partner alignment call,PTR-002
OPP-00088,ACC-00025,ByteForge Inc.,ByteForge Inc. - Partner Deal (PTR-003),Closed Won,33000,USD,2023-11-15,2023-09-22,26,New Business,12,James Park,2023-11-15,100,,PTR-003
OPP-00089,ACC-00026,Datastream,Datastream - Partner Deal (PTR-004),Closed Won,30000,USD,2024-07-29,2024-01-20,35,New Business,12,James Park,2024-07-28,100,,PTR-004
OPP-00090,ACC-00027,CloudPeak,CloudPeak - Partner Deal (PTR-005),Closed Won,74000,USD,2024-12-21,2024-01-29,59,New Business,12,Sarah Chen,2024-12-14,100,,PTR-005
OPP-00091,ACC-00028,Silverline Technology,Silverline Technology - Partner Deal (PTR-001),Closed Won,96000,USD,2024-08-05,2024-05-20,42,New Business,12,Lisa Wang,2024-07-26,100,,PTR-001
OPP-00092,ACC-00029,Nextera,Nextera - Partner Deal (PTR-002),Closed Won,155000,USD,2024-12-28,2024-11-21,22,Expansion,12,Sarah Chen,2024-12-19,100,,PTR-002
OPP-00093,ACC-00030,CoreStack,CoreStack - Partner Deal (PTR-003),Closed Won,55000,USD,2024-02-24,2023-09-23,13,Expansion,12,James Park,2024-02-22,100,,PTR-003
OPP-00094,ACC-00031,Pulse Analytics Inc.,Pulse Analytics Inc. - Partner Deal (PTR-004),Closed Won,150000,USD,2025-01-08,2024-08-26,50,New Business,12,Sarah Chen,2024-12-31,100,,PTR-004
OPP-00095,ACC-00032,Arcus Tech,Arcus Tech - Partner Deal (PTR-005),Closed Won,109000,USD,2024-08-03,2023-11-06,8,Expansion,12,Mike Rodriguez,2024-07-31,100,,PTR-005
OPP-00096,ACC-00033,TerraForm,TerraForm - Partner Deal (PTR-001),Closed Won,161000,USD,2024-12-04,2024-08-07,53,Expansion,12,Mike Rodriguez,2024-12-01,100,,PTR-001
OPP-00097,ACC-00034,Vanta,Vanta - Partner Deal (PTR-002),Closed Won,174000,USD,2025-01-16,2024-11-30,49,New Business,12,Mike Rodriguez,2025-01-09,100,,PTR-002
OPP-00098,ACC-00035,Codex,Codex - Partner Deal (PTR-003),Closed Won,180000,USD,2024-09-04,2023-12-14,32,Expansion,12,Emma Thompson,2024-08-31,100,,PTR-003
OPP-00099,ACC-00036,Synthetix,Synthetix - Partner Deal (PTR-004),Closed Won,138000,USD,2024-12-27,2023-11-13,24,New Business,12,James Park,2024-12-17,100,,PTR-004
OPP-00100,ACC-00037,PixelWave Studios,PixelWave Studios - Partner Deal (PTR-005),Closed Won,32000,USD,2024-06-26,2024-01-22,30,Expansion,12,Mike Rodriguez,2024-06-24,100,,PTR-005
OPP-00101,ACC-00038,Alpine Data,Alpine Data - Partner Deal (PTR-001),Closed Won,106000,USD,2024-09-16,2024-08-12,42,New Business,12,Emma Thompson,2024-09-12,100,,PTR-001
OPP-00102,ACC-00039,Orbis Technology,Orbis Technology - Partner Deal (PTR-002),Closed Won,173000,USD,2024-11-30,2024-06-20,56,Expansion,12,James Park,2024-11-28,100,,PTR-002
OPP-00103,ACC-00040,NightOwl,NightOwl - Partner Deal (PTR-003),Closed Won,165000,USD,2023-12-31,2023-09-30,15,New Business,12,Emma Thompson,2023-12-24,100,,PTR-003
OPP-00104,ACC-00041,Kinetic Sys,Kinetic Sys - Partner Deal (PTR-004),Closed Won,96000,USD,2024-12-26,2024-10-09,31,Expansion,12,Lisa Wang,2024-12-23,100,,PTR-004
OPP-00105,ACC-00042,Zenith AI Corp,Zenith AI Corp - Partner Deal (PTR-005),Closed Won,91000,USD,2025-01-02,2024-09-06,51,Expansion,12,Lisa Wang,2025-01-02,100,,PTR-005
OPP-00106,ACC-00043,DragonCloud,DragonCloud - Partner Deal (PTR-001),Closed Won,111000,USD,2024-12-27,2024-03-29,33,New Business,12,Lisa Wang,2024-12-21,100,,PTR-001
OPP-00107,ACC-00044,SilkRoute,SilkRoute - Partner Deal (PTR-002),Closed Won,91000,USD,2024-10-11,2024-02-16,38,New Business,12,James Park,2024-10-01,100,,PTR-002
OPP-00108,ACC-00045,Aurora Technology,Aurora Technology - Partner Deal (PTR-003),Negotiation,139000,USD,2025-05-27,2024-01-07,24,Expansion,12,Emma Thompson,2025-05-23,70,Partner alignment call,PTR-003
OPP-00109,ACC-00046,Nuvola,Nuvola - Partner Deal (PTR-004),Closed Won,73000,USD,2024-08-27,2023-12-08,58,Expansion,12,Mike Rodriguez,2024-08-19,100,,PTR-004
OPP-00110,ACC-00047,DigitalBridge,DigitalBridge - Partner Deal (PTR-005),Negotiation,177000,USD,2025-05-30,2024-03-01,51,New Business,12,Sarah Chen,2025-05-27,70,Partner alignment call,PTR-005
OPP-00111,ACC-00040,NightOwl,NightOwl - Enterprise Deal,Closed Won,198000,USD,2024-12-17,2024-01-24,181,New Business,12,David Kim,2025-03-06,100,Budget re-approval,
OPP-00112,ACC-00041,Kinetic Sys,Kinetic Sys - Suite Subscription,Proposal,69000,USD,2024-09-14,2024-02-12,198,New Business,12,David Kim,2025-03-06,69,Pushed to next quarter,
OPP-00113,ACC-00042,Zenith AI Corp,Zenith AI Corp - Platform License,Proposal,195000,USD,2024-12-05,2023-02-07,112,Expansion,12,Mike Rodriguez,2025-02-26,53,Pushed to next quarter,
OPP-00114,ACC-00043,DragonCloud,DragonCloud - Enterprise Deal,Proposal,114000,USD,2024-08-24,2023-10-27,160,New Business,12,Emma Thompson,2025-02-03,55,Budget re-approval,
OPP-00115,ACC-00044,SilkRoute,SilkRoute - Platform License,Negotiation,91000,USD,2025-04-16,2023-07-26,130,New Business,12,Lisa Wang,2025-03-24,57,Waiting on exec sponsor,
OPP-00116,ACC-00045,Aurora Technology,Aurora Technology - Platform License,Negotiation,181000,USD,2024-06-19,2023-07-04,92,New Business,12,David Kim,2025-03-14,33,Pushed to next quarter,
OPP-00117,ACC-00046,Nuvola,Nuvola - Enterprise Deal,Proposal,82000,USD,2024-07-06,2023-08-10,113,Renewal,12,David Kim,2025-03-11,48,Timeline shifted,
OPP-00118,ACC-00047,DigitalBridge,DigitalBridge - Platform License,Proposal,106000,USD,2024-11-29,2023-12-08,190,Expansion,12,Sarah Chen,2025-03-23,70,Waiting on exec sponsor,
OPP-00119,ACC-00048,Cloud Vista Inc.,Cloud Vista Inc. - Enterprise Deal,Closed Won,139000,USD,2024-01-11,2023-06-11,191,New Business,12,Mike Rodriguez,2025-02-19,100,Timeline shifted,
OPP-00120,ACC-00049,Verdant Sys,Verdant Sys - Platform License,Proposal,55000,USD,2025-01-29,2023-09-09,181,Renewal,12,Mike Rodriguez,2025-03-17,46,Pushed to next quarter,
OPP-00121,ACC-00050,Helix,Helix - Enterprise Deal,Negotiation,197000,USD,2024-10-20,2023-03-18,133,New Business,12,Mike Rodriguez,2025-03-19,56,Waiting on exec sponsor,
OPP-00122,ACC-00051,Cirrus Logic,Cirrus Logic - Suite Subscription,Proposal,62000,USD,2024-08-17,2023-03-24,195,Renewal,12,Mike Rodriguez,2025-02-03,31,Timeline shifted,
OPP-00123,ACC-00052,DeepField,DeepField - Platform License,Negotiation,47000,USD,2025-05-29,2023-11-27,154,New Business,12,Emma Thompson,2025-01-31,70,Budget re-approval,
OPP-00124,ACC-00053,Lightspeed,Lightspeed - Suite Subscription,Closed Won,156000,USD,2024-10-21,2024-02-10,181,Expansion,12,Mike Rodriguez,2025-01-30,100,Pushed to next quarter,
OPP-00125,ACC-00054,OmniCore,OmniCore - Suite Subscription,Closed Won,59000,USD,2024-07-12,2023-10-26,182,Renewal,12,Emma Thompson,2025-02-12,100,Timeline shifted,
OPP-00126,ACC-00055,Flux Technology,Flux Technology - Enterprise Deal,Proposal,127000,USD,2024-05-23,2023-06-15,169,New Business,12,Emma Thompson,2025-02-06,36,Pushed to next quarter,
OPP-00127,ACC-00056,Sapient,Sapient - Suite Subscription,Proposal,175000,USD,2024-09-27,2024-02-03,239,Expansion,12,Mike Rodriguez,2025-02-02,37,Waiting on exec sponsor,
OPP-00128,ACC-00057,Wavelength,Wavelength - Enterprise Deal,Proposal,90000,USD,2024-03-03,2023-07-08,111,New Business,12,Mike Rodriguez,2025-02-02,31,Waiting on exec sponsor,
OPP-00129,ACC-00058,EdgePoint,EdgePoint - Suite Subscription,Proposal,88000,USD,2025-02-05,2023-01-31,230,New Business,12,Mike Rodriguez,2025-02-02,39,Timeline shifted,
OPP-00130,ACC-00059,Cortex Auto,Cortex Auto - Enterprise Deal,Proposal,146000,USD,2024-09-25,2024-02-12,183,New Business,12,Emma Thompson,2025-03-03,67,Timeline shifted,
OPP-00131,ACC-00001,Quantum Dynamics Inc.,Quantum Dynamics Inc. - Platform Subscription,Closed Won,105000,USD,2025-01-06,2024-04-02,34,New Business,12,Sarah Chen,2025-01-06,100,,
OPP-00132,ACC-00002,Meridian Health,Meridian Health - Contract Renewal,Closed Lost,88000,USD,2024-05-31,2024-03-16,37,Renewal,12,Lisa Wang,2024-05-31,0,,
OPP-00133,ACC-00003,Atlas Logistics,Atlas Logistics - Platform Subscription,Proposal,160000,USD,2025-08-13,2024-10-28,14,New Business,12,David Kim,2025-03-01,50,Contract negotiation,
OPP-00134,ACC-00004,Novatech,Novatech - Platform Subscription,Proposal,61000,USD,2025-10-18,2023-11-12,51,New Business,12,Sarah Chen,2025-03-06,50,,
OPP-00135,ACC-00005,Lumin Digital,Lumin Digital - Contract Renewal,Closed Lost,230000,USD,2024-12-04,2024-05-26,9,Renewal,12,Emma Thompson,2024-12-04,0,,
OPP-00136,ACC-00006,Clearview Analytics Inc.,Clearview Analytics Inc. - Module Add-on,Closed Lost,12000,USD,2024-04-09,2023-05-09,22,Expansion,12,David Kim,2024-04-09,0,,
OPP-00137,ACC-00007,Prism Software Solutions,Prism Software Solutions - Module Add-on,Closed Won,180000,EUR,2024-12-03,2023-10-23,25,Expansion,12,James Park,2024-12-03,100,,
OPP-00138,ACC-00008,Summit Financial Group,Summit Financial Group - New License,Closed Lost,99000,USD,2025-01-14,2024-09-15,24,New Business,12,David Kim,2025-01-14,0,,
OPP-00139,ACC-00009,Horizon Media Partners,Horizon Media Partners - New License,Closed Lost,151000,USD,2023-03-17,2022-06-20,34,New Business,12,James Park,2023-03-17,0,,
OPP-00140,ACC-00010,Vertex Engineering Ltd.,Vertex Engineering Ltd. - Seat Expansion,Closed Won,129000,USD,2024-01-09,2023-04-21,46,Expansion,12,Sarah Chen,2024-01-09,100,,
OPP-00141,ACC-00011,Stratos Cloud Services,Stratos Cloud Services - Contract Renewal,Closed Won,193000,USD,2024-11-29,2023-09-21,11,Renewal,12,Mike Rodriguez,2024-11-29,100,,
OPP-00142,ACC-00012,Pinnacle Retail Group,Pinnacle Retail Group - Contract Renewal,Closed Won,99000,USD,2023-12-09,2022-06-30,10,Renewal,12,Mike Rodriguez,2023-12-09,100,,
OPP-00143,ACC-00013,Catalyst Innovation Labs,Catalyst Innovation Labs - Subscription Renewal,Closed Lost,104000,USD,2024-11-20,2024-10-18,35,Renewal,12,Emma Thompson,2024-11-20,0,,
OPP-00144,ACC-00014,Redwood Mfg Corp,Redwood Mfg Corp - New License,Discovery,14000,USD,2025-08-08,2022-11-16,37,New Business,12,Mike Rodriguez,2025-03-17,25,Demo scheduled,
OPP-00145,ACC-00023,Nebula Systems Inc.,Nebula Systems Inc. - Tier Upgrade,Closed Won,249000,USD,2024-02-19,2022-11-02,56,Expansion,12,David Kim,2024-02-19,100,,
OPP-00146,ACC-00024,Ironclad Sec,Ironclad Sec - Contract Renewal,Proposal,176000,EUR,2025-11-14,2022-09-02,18,Renewal,12,Mike Rodriguez,2025-03-13,10,Technical review,
OPP-00147,ACC-00025,ByteForge Inc.,ByteForge Inc. - Annual Renewal,Closed Won,125000,USD,2024-12-27,2024-09-01,45,Renewal,12,Mike Rodriguez,2024-12-27,100,,
OPP-00148,ACC-00026,Datastream,Datastream - Initial Contract,Closed Won,137000,USD,2024-02-01,2022-06-29,31,New Business,12,Emma Thompson,2024-02-01,100,,
OPP-00149,ACC-00027,CloudPeak,CloudPeak - Annual Renewal,Closed Won,220000,USD,2023-09-24,2023-03-19,39,Renewal,12,Sarah Chen,2023-09-24,100,,
OPP-00150,ACC-00028,Silverline Technology,Silverline Technology - Tier Upgrade,Discovery,154000,EUR,2025-10-13,2022-11-21,45,Expansion,12,David Kim,2025-03-24,25,Pricing discussion,
OPP-00151,ACC-00029,Nextera,Nextera - Platform Subscription,Prospecting,107000,EUR,2025-04-29,2022-10-14,43,New Business,12,Mike Rodriguez,2025-03-07,10,Pricing discussion,
OPP-00152,ACC-00030,CoreStack,CoreStack - Subscription Renewal,Prospecting,41000,USD,2025-05-12,2024-12-08,32,Renewal,12,David Kim,2025-03-07,10,,
OPP-00153,ACC-00031,Pulse Analytics Inc.,Pulse Analytics Inc. - Subscription Renewal,Closed Lost,42000,USD,2025-03-13,2024-09-05,5,Renewal,12,David Kim,2025-03-13,0,,
OPP-00154,ACC-00032,Arcus Tech,Arcus Tech - Module Add-on,Closed Won,240000,USD,2024-12-27,2024-03-06,15,Expansion,12,David Kim,2024-12-27,100,,
OPP-00155,ACC-00033,TerraForm,TerraForm - Annual Renewal,Closed Won,143000,USD,2024-12-11,2024-06-10,19,Renewal,12,David Kim,2024-12-11,100,,
OPP-00156,ACC-00034,Vanta,Vanta - New License,Closed Lost,246000,USD,2023-04-05,2022-09-05,33,New Business,12,Lisa Wang,2023-04-05,0,,
OPP-00157,ACC-00035,Codex,Codex - Tier Upgrade,Discovery,197000,USD,2025-10-07,2024-03-01,43,Expansion,12,David Kim,2025-03-19,25,Executive meeting,
OPP-00158,ACC-00036,Synthetix,Synthetix - Tier Upgrade,Closed Won,112000,USD,2024-09-07,2024-01-28,56,Expansion,12,Sarah Chen,2024-09-07,100,,
OPP-00159,ACC-00037,PixelWave Studios,PixelWave Studios - Contract Renewal,Closed Won,38000,USD,2023-05-21,2022-08-10,8,Renewal,12,Mike Rodriguez,2023-05-21,100,,
OPP-00160,ACC-00038,Alpine Data,Alpine Data - Platform Subscription,Closed Won,70000,EUR,2024-10-17,2023-08-09,7,New Business,12,Lisa Wang,2024-10-17,100,,
OPP-00161,ACC-00039,Orbis Technology,Orbis Technology - Initial Contract,Discovery,232000,USD,2025-06-18,2022-06-22,29,New Business,12,Mike Rodriguez,2025-03-06,80,,
OPP-00162,ACC-00040,NightOwl,NightOwl - Platform Subscription,Closed Lost,14000,USD,2024-10-25,2024-06-23,15,New Business,12,Sarah Chen,2024-10-25,0,,
OPP-00163,ACC-00041,Kinetic Sys,Kinetic Sys - New License,Closed Won,172000,USD,2024-06-29,2022-06-09,58,New Business,12,Lisa Wang,2024-06-29,100,,
OPP-00164,ACC-00042,Zenith AI Corp,Zenith AI Corp - Contract Renewal,Proposal,116000,EUR,2025-06-24,2023-10-24,54,Renewal,12,Mike Rodriguez,2025-03-19,50,Contract negotiation,
OPP-00165,ACC-00043,DragonCloud,DragonCloud - Initial Contract,Proposal,178000,USD,2025-05-31,2023-12-23,49,New Business,12,James Park,2025-03-15,50,Contract negotiation,
OPP-00166,ACC-00044,SilkRoute,SilkRoute - Tier Upgrade,Closed Lost,92000,USD,2024-11-17,2022-11-29,24,Expansion,12,Sarah Chen,2024-11-17,0,,
OPP-00167,ACC-00045,Aurora Technology,Aurora Technology - Module Add-on,Closed Lost,175000,USD,2024-09-07,2024-04-30,53,Expansion,12,Lisa Wang,2024-09-07,0,,
OPP-00168,ACC-00046,Nuvola,Nuvola - Contract Renewal,Closed Lost,119000,EUR,2024-10-01,2024-07-21,16,Renewal,12,David Kim,2024-10-01,0,,
OPP-00169,ACC-00047,DigitalBridge,DigitalBridge - Seat Expansion,Closed Won,230000,EUR,2024-10-18,2023-07-13,30,Expansion,12,Lisa Wang,2024-10-18,100,,
OPP-00170,ACC-00048,Cloud Vista Inc.,Cloud Vista Inc. - Module Add-on,Closed Won,87000,EUR,2024-10-10,2024-06-24,49,Expansion,12,Emma Thompson,2024-10-10,100,,
OPP-00171,ACC-00049,Verdant Sys,Verdant Sys - Module Add-on,Proposal,105000,USD,2025-10-15,2024-06-26,15,Expansion,12,Sarah Chen,2025-03-01,10,POC setup,
OPP-00172,ACC-00050,Helix,Helix - Module Add-on,Discovery,32000,USD,2025-09-07,2024-03-23,14,Expansion,12,Emma Thompson,2025-03-05,25,Executive meeting,
OPP-00173,ACC-00051,Cirrus Logic,Cirrus Logic - Annual Renewal,Closed Lost,34000,USD,2023-07-19,2023-02-26,29,Renewal,12,David Kim,2023-07-19,0,,
OPP-00174,ACC-00052,DeepField,DeepField - Seat Expansion,Closed Won,215000,USD,2024-10-23,2023-12-22,53,Expansion,12,James Park,2024-10-23,100,,
OPP-00175,ACC-00053,Lightspeed,Lightspeed - Annual Renewal,Proposal,242000,USD,2025-10-10,2023-09-27,16,Renewal,12,Mike Rodriguez,2025-03-02,50,Security review,
OPP-00176,ACC-00054,OmniCore,OmniCore - Initial Contract,Closed Won,51000,USD,2024-08-30,2023-08-22,27,New Business,12,James Park,2024-08-30,100,,
OPP-00177,ACC-00055,Flux Technology,Flux Technology - Tier Upgrade,Closed Won,183000,EUR,2024-11-17,2024-07-31,50,Expansion,12,Emma Thompson,2024-11-17,100,,
OPP-00178,ACC-00056,Sapient,Sapient - Annual Renewal,Closed Won,124000,USD,2025-01-09,2024-11-22,36,Renewal,12,Emma Thompson,2025-01-09,100,,
OPP-00179,ACC-00057,Wavelength,Wavelength - Module Add-on,Prospecting,29000,USD,2025-10-06,2023-10-26,13,Expansion,12,David Kim,2025-03-05,10,Pricing discussion,
OPP-00180,ACC-00058,EdgePoint,EdgePoint - Tier Upgrade,Closed Lost,105000,USD,2025-01-15,2024-08-06,53,Expansion,12,Lisa Wang,2025-01-15,0,,
OPP-00181,ACC-00059,Cortex Auto,Cortex Auto - Seat Expansion,Negotiation,228000,USD,2025-11-11,2024-04-24,27,Expansion,12,Lisa Wang,2025-03-25,75,Executive meeting,
OPP-00182,ACC-00060,MedVantage Health,MedVantage Health - Subscription Renewal,Discovery,47000,USD,2025-09-07,2022-07-11,5,Renewal,12,James Park,2025-03-21,80,Technical review,
OPP-00183,ACC-00061,CarePath,CarePath - Annual Renewal,Closed Won,81000,USD,2025-03-15,2023-03-14,49,Renewal,12,Mike Rodriguez,2025-03-15,100,,
OPP-00184,ACC-00062,Vitality Health,Vitality Health - Seat Expansion,Closed Won,79000,USD,2023-04-28,2023-02-21,12,Expansion,12,Emma Thompson,2023-04-28,100,,
OPP-00185,ACC-00063,BioSync,BioSync - Initial Contract,Prospecting,126000,USD,2025-04-16,2024-08-18,36,New Business,12,James Park,2025-03-18,10,Demo scheduled,
OPP-00186,ACC-00064,HealthGrid Inc.,HealthGrid Inc. - Tier Upgrade,Negotiation,64000,USD,2025-07-22,2023-06-11,7,Expansion,12,Mike Rodriguez,2025-03-08,90,,
OPP-00187,ACC-00065,Aether Med,Aether Med - New License,Closed Lost,209000,USD,2024-08-16,2024-01-27,59,New Business,12,James Park,2024-08-16,0,,
OPP-00188,ACC-00066,NovaCare,NovaCare - Seat Expansion,Discovery,246000,USD,2025-10-07,2023-06-09,15,Expansion,12,James Park,2025-03-08,80,Contract negotiation,
OPP-00189,ACC-00067,Centric Health Solutions,Centric Health Solutions - Module Add-on,Closed Lost,61000,USD,2025-02-13,2023-09-09,27,Expansion,12,Sarah Chen,2025-02-13,0,,
OPP-00190,ACC-00068,Pacific Health,Pacific Health - Contract Renewal,Closed Won,157000,USD,2023-10-31,2023-09-13,27,Renewal,12,James Park,2023-10-31,100,,
OPP-00191,ACC-00069,MedBridge,MedBridge - Subscription Renewal,Closed Won,108000,USD,2023-05-02,2023-03-11,60,Renewal,12,Emma Thompson,2023-05-02,100,,
OPP-00192,ACC-00070,Salud,Salud - Annual Renewal,Proposal,67000,USD,2025-05-26,2022-11-10,15,Renewal,12,James Park,2025-03-31,50,Executive meeting,
OPP-00193,ACC-00071,TrueHealth,TrueHealth - Initial Contract,Closed Won,244000,USD,2024-11-13,2022-09-29,41,New Business,12,Mike Rodriguez,2024-11-13,100,,
OPP-00194,ACC-00072,WellCore,WellCore - Platform Subscription,Closed Won,68000,USD,2024-06-11,2024-03-23,36,New Business,12,Mike Rodriguez,2024-06-11,100,,
OPP-00195,ACC-00073,Genome,Genome - Subscription Renewal,Closed Won,216000,EUR,2022-12-28,2022-09-16,60,Renewal,12,Emma Thompson,2022-12-28,100,,
OPP-00196,ACC-00074,PulsePoint,PulsePoint - Platform Subscription,Closed Won,195000,USD,2024-12-30,2024-08-17,13,New Business,12,James Park,2024-12-30,100,,
OPP-00197,ACC-00075,Apex Capital Group,Apex Capital Group - Seat Expansion,Closed Lost,11000,USD,2024-12-09,2024-07-04,45,Expansion,12,Emma Thompson,2024-12-09,0,,
OPP-00198,ACC-00076,Fidelity Bridge Inc.,Fidelity Bridge Inc. - Subscription Renewal,Discovery,235000,USD,2025-08-12,2023-08-07,5,Renewal,12,Mike Rodriguez,2025-03-08,25,Contract negotiation,
OPP-00199,ACC-00077,Sterling Wealth Management,Sterling Wealth Management - Module Add-on,Closed Lost,49000,USD,2024-12-31,2024-10-18,28,Expansion,12,Sarah Chen,2024-12-31,0,,
OPP-00200,ACC-00078,BankTech,BankTech - Initial Contract,Closed Won,161000,USD,2024-11-18,2024-08-10,51,New Business,12,James Park,2024-11-18,100,,
OPP-00201,ACC-00079,Moneta,Moneta - Module Add-on,Discovery,167000,USD,2025-04-08,2022-07-31,19,Expansion,12,Sarah Chen,2025-03-08,25,Executive meeting,
OPP-00202,ACC-00080,Fortis Capital,Fortis Capital - New License,Discovery,25000,USD,2025-06-05,2023-01-11,8,New Business,12,Emma Thompson,2025-03-21,25,,
OPP-00203,ACC-00081,Pacific Wealth Partners,Pacific Wealth Partners - Annual Renewal,Prospecting,32000,USD,2025-11-10,2024-03-04,16,Renewal,12,James Park,2025-03-11,10,Security review,
OPP-00204,ACC-00082,Finova,Finova - Annual Renewal,Closed Lost,244000,USD,2024-08-10,2024-01-31,25,Renewal,12,Lisa Wang,2024-08-10,0,,
OPP-00205,ACC-00083,LatAm Financial Services,LatAm Financial Services - Tier Upgrade,Discovery,199000,USD,2025-11-11,2024-11-03,29,Expansion,12,Emma Thompson,2025-03-14,80,Technical review,
OPP-00206,ACC-00084,TrustBank,TrustBank - Seat Expansion,Negotiation,48000,USD,2025-06-02,2024-08-01,56,Expansion,12,Lisa Wang,2025-03-21,75,Technical review,
OPP-00207,ACC-00085,Forge Ind.,Forge Ind. - Subscription Renewal,Closed Lost,158000,USD,2024-09-06,2023-01-01,27,Renewal,12,Lisa Wang,2024-09-06,0,,
OPP-00208,ACC-00086,Titan Mfg,Titan Mfg - Annual Renewal,Closed Won,94000,USD,2024-06-30,2023-04-25,22,Renewal,12,Lisa Wang,2024-06-30,100,,
OPP-00209,ACC-00087,Precision Dynamics Corp,Precision Dynamics Corp - Initial Contract,Prospecting,184000,USD,2025-11-27,2023-01-28,25,New Business,12,David Kim,2025-03-29,10,Executive meeting,
OPP-00210,ACC-00088,Steelbridge,Steelbridge - Platform Subscription,Closed Won,186000,USD,2024-07-31,2022-08-30,59,New Business,12,Lisa Wang,2024-07-31,100,,
OPP-00211,ACC-00089,EuroForge,EuroForge - New License,Prospecting,30000,USD,2025-09-26,2022-09-01,29,New Business,12,Emma Thompson,2025-03-16,10,Technical review,
OPP-00212,ACC-00090,Rhine Ind.,Rhine Ind. - Seat Expansion,Closed Won,113000,USD,2024-11-07,2024-01-13,22,Expansion,12,Sarah Chen,2024-11-07,100,,
OPP-00213,ACC-00091,Kanto Mfg,Kanto Mfg - Subscription Renewal,Proposal,145000,USD,2025-06-15,2024-02-10,15,Renewal,12,Sarah Chen,2025-03-21,10,Pricing discussion,
OPP-00214,ACC-00092,Pacifica Ind,Pacifica Ind - Initial Contract,Closed Won,149000,USD,2024-08-31,2023-07-05,53,New Business,12,David Kim,2024-08-31,100,,
OPP-00215,ACC-00093,Andean Mfg,Andean Mfg - Platform Subscription,Closed Lost,146000,USD,2024-12-15,2024-07-09,49,New Business,12,Sarah Chen,2024-12-15,0,,
OPP-00216,ACC-00094,Ironworks,Ironworks - Seat Expansion,Closed Won,85000,USD,2024-12-23,2024-05-01,31,Expansion,12,Lisa Wang,2024-12-23,100,,
OPP-00217,ACC-00095,Urban Mart Inc.,Urban Mart Inc. - Tier Upgrade,Closed Won,134000,USD,2025-03-28,2024-11-13,35,Expansion,12,Sarah Chen,2025-03-28,100,,
OPP-00218,ACC-00096,ShopStream Inc.,ShopStream Inc. - Annual Renewal,Closed Won,231000,USD,2025-02-28,2024-07-15,8,Renewal,12,James Park,2025-02-28,100,,
OPP-00219,ACC-00097,Retail Edge Corp,Retail Edge Corp - Platform Subscription,Prospecting,156000,USD,2025-07-11,2024-12-10,35,New Business,12,Emma Thompson,2025-03-16,10,Contract negotiation,
OPP-00220,ACC-00098,FreshMarket,FreshMarket - Subscription Renewal,Closed Won,185000,USD,2024-03-10,2023-08-06,56,Renewal,12,James Park,2024-03-10,100,,
OPP-00221,ACC-00099,Europa Retail,Europa Retail - Annual Renewal,Closed Won,55000,USD,2025-01-03,2022-08-09,40,Renewal,12,David Kim,2025-01-03,100,,
OPP-00222,ACC-00100,Nordic Shops AB,Nordic Shops AB - New License,Closed Won,187000,USD,2024-04-05,2023-01-17,53,New Business,12,Lisa Wang,2024-04-05,100,,
OPP-00223,ACC-00101,Pacific Mart,Pacific Mart - New License,Closed Won,74000,USD,2023-09-25,2023-07-01,33,New Business,12,Mike Rodriguez,2023-09-25,100,,
OPP-00224,ACC-00102,Bazaar Tech,Bazaar Tech - Module Add-on,Closed Lost,72000,USD,2024-01-12,2023-06-16,49,Expansion,12,Lisa Wang,2024-01-12,0,,
OPP-00225,ACC-00103,Mercado,Mercado - Seat Expansion,Closed Lost,144000,USD,2024-01-07,2022-06-15,16,Expansion,12,Mike Rodriguez,2024-01-07,0,,
OPP-00226,ACC-00104,Beacon Retail Group,Beacon Retail Group - Seat Expansion,Discovery,225000,USD,2025-06-30,2023-05-20,16,Expansion,12,Lisa Wang,2025-03-31,25,,
OPP-00227,ACC-00105,EduPath Learning,EduPath Learning - Initial Contract,Closed Won,195000,USD,2024-03-13,2024-02-02,23,New Business,12,Lisa Wang,2024-03-13,100,,
OPP-00228,ACC-00106,Bright Minds,Bright Minds - Contract Renewal,Closed Won,79000,USD,2024-09-05,2024-06-25,35,Renewal,12,Sarah Chen,2024-09-05,100,,
OPP-00229,ACC-00107,LearnSphere Inc.,LearnSphere Inc. - Subscription Renewal,Closed Lost,207000,USD,2024-10-06,2024-03-24,41,Renewal,12,David Kim,2024-10-06,0,,
OPP-00230,ACC-00108,AcademiQ Solutions,AcademiQ Solutions - Tier Upgrade,Negotiation,226000,USD,2025-05-06,2024-02-21,52,Expansion,12,Sarah Chen,2025-03-03,75,,
OPP-00231,ACC-00109,EduNova Group,EduNova Group - Subscription Renewal,Closed Lost,134000,USD,2024-08-19,2023-09-10,31,Renewal,12,Emma Thompson,2024-08-19,0,,
OPP-00232,ACC-00110,Amplify,Amplify - New License,Closed Lost,19000,USD,2024-02-04,2022-09-15,34,New Business,12,Lisa Wang,2024-02-04,0,,
OPP-00233,ACC-00111,Spectrum,Spectrum - Subscription Renewal,Discovery,167000,USD,2025-12-01,2023-07-06,41,Renewal,12,Mike Rodriguez,2025-03-05,25,Technical review,
OPP-00234,ACC-00112,Lumina,Lumina - Annual Renewal,Negotiation,190000,EUR,2025-11-06,2023-12-13,45,Renewal,12,Sarah Chen,2025-03-01,90,Technical review,
OPP-00235,ACC-00113,Rising Sun,Rising Sun - Annual Renewal,Closed Won,138000,USD,2025-03-17,2024-01-03,14,Renewal,12,Lisa Wang,2025-03-17,100,,
OPP-00236,ACC-00114,Solaris,Solaris - Platform Subscription,Closed Lost,230000,EUR,2024-12-19,2023-04-19,42,New Business,12,Mike Rodriguez,2024-12-19,0,,
OPP-00237,ACC-00115,GreenVolt Power,GreenVolt Power - Tier Upgrade,Closed Won,227000,USD,2024-12-18,2022-06-16,60,Expansion,12,Lisa Wang,2024-12-18,100,,
OPP-00238,ACC-00116,Renewable Dyn.,Renewable Dyn. - New License,Closed Won,173000,USD,2024-09-23,2023-10-23,56,New Business,12,David Kim,2024-09-23,100,,
OPP-00239,ACC-00117,Stratton,Stratton - Subscription Renewal,Discovery,59000,USD,2025-07-06,2024-10-14,18,Renewal,12,Mike Rodriguez,2025-03-06,25,Security review,
OPP-00240,ACC-00118,Vanguard,Vanguard - Seat Expansion,Closed Lost,75000,USD,2025-02-12,2024-12-17,34,Expansion,12,James Park,2025-02-12,0,,
OPP-00241,ACC-00001,Quantum Dynamics Inc.,Quantum Dynamics Inc. - Platform Subscription,Closed Lost,184000,USD,2024-12-13,2023-09-27,55,New Business,12,James Park,2024-12-13,0,,
OPP-00242,ACC-00002,Meridian Health,Meridian Health - Tier Upgrade,Proposal,233000,USD,2025-05-19,2022-10-03,13,Expansion,12,David Kim,2025-03-06,50,Security review,
OPP-00243,ACC-00003,Atlas Logistics,Atlas Logistics - New License,Closed Won,173000,USD,2025-03-29,2023-04-15,15,New Business,12,Emma Thompson,2025-03-29,100,,
OPP-00244,ACC-00004,Novatech,Novatech - Contract Renewal,Closed Lost,52000,EUR,2025-03-20,2024-11-25,45,Renewal,12,Emma Thompson,2025-03-20,0,,
OPP-00245,ACC-00005,Lumin Digital,Lumin Digital - Tier Upgrade,Closed Lost,120000,USD,2024-12-14,2023-08-23,15,Expansion,12,Lisa Wang,2024-12-14,0,,
OPP-00246,ACC-00006,Clearview Analytics Inc.,Clearview Analytics Inc. - Seat Expansion,Discovery,131000,USD,2025-04-12,2024-03-19,6,Expansion,12,David Kim,2025-03-16,25,Security review,
OPP-00247,ACC-00007,Prism Software Solutions,Prism Software Solutions - Annual Renewal,Closed Won,128000,USD,2025-02-25,2024-01-09,30,Renewal,12,David Kim,2025-02-25,100,,
OPP-00248,ACC-00008,Summit Financial Group,Summit Financial Group - Contract Renewal,Proposal,75000,USD,2025-09-18,2024-09-26,59,Renewal,12,James Park,2025-03-18,50,Contract negotiation,
OPP-00249,ACC-00009,Horizon Media Partners,Horizon Media Partners - Initial Contract,Closed Lost,219000,USD,2025-03-10,2024-10-22,40,New Business,12,Lisa Wang,2025-03-10,0,,
OPP-00250,ACC-00010,Vertex Engineering Ltd.,Vertex Engineering Ltd. - Annual Renewal,Closed Won,53000,USD,2024-09-11,2024-07-26,60,Renewal,12,David Kim,2024-09-11,100,,
OPP-00251,ACC-00011,Stratos Cloud Services,Stratos Cloud Services - Tier Upgrade,Closed Lost,135000,USD,2024-09-30,2024-07-18,32,Expansion,12,Mike Rodriguez,2024-09-30,0,,
OPP-00252,ACC-00012,Pinnacle Retail Group,Pinnacle Retail Group - Contract Renewal,Discovery,215000,USD,2025-11-13,2023-05-27,24,Renewal,12,Emma Thompson,2025-03-09,25,Contract negotiation,
OPP-00253,ACC-00013,Catalyst Innovation Labs,Catalyst Innovation Labs - New License,Closed Won,76000,USD,2023-08-09,2023-03-29,18,New Business,12,James Park,2023-08-09,100,,
OPP-00254,ACC-00014,Redwood Mfg Corp,Redwood Mfg Corp - Annual Renewal,Proposal,165000,USD,2025-05-05,2022-06-06,55,Renewal,12,David Kim,2025-03-13,10,Security review,
OPP-00255,ACC-00023,Nebula Systems Inc.,Nebula Systems Inc. - Annual Renewal,Proposal,97000,USD,2025-09-13,2023-01-05,19,Renewal,12,James Park,2025-03-01,10,Contract negotiation,
OPP-00256,ACC-00024,Ironclad Sec,Ironclad Sec - Seat Expansion,Prospecting,201000,USD,2025-11-16,2024-08-29,30,Expansion,12,Mike Rodriguez,2025-03-28,10,,
OPP-00257,ACC-00025,ByteForge Inc.,ByteForge Inc. - New License,Closed Lost,90000,USD,2023-10-27,2022-11-02,28,New Business,12,Sarah Chen,2023-10-27,0,,
OPP-00258,ACC-00026,Datastream,Datastream - Tier Upgrade,Closed Lost,97000,USD,2024-04-21,2024-02-19,46,Expansion,12,Lisa Wang,2024-04-21,0,,
OPP-00259,ACC-00027,CloudPeak,CloudPeak - Contract Renewal,Prospecting,153000,USD,2025-08-15,2023-12-14,5,Renewal,12,Sarah Chen,2025-03-27,10,Technical review,
OPP-00260,ACC-00028,Silverline Technology,Silverline Technology - Subscription Renewal,Closed Won,68000,USD,2024-12-10,2024-08-07,20,Renewal,12,Emma Thompson,2024-12-10,100,,
OPP-00261,ACC-00029,Nextera,Nextera - Annual Renewal,Closed Won,220000,USD,2024-08-13,2024-05-15,22,Renewal,12,Mike Rodriguez,2024-08-13,100,,
OPP-00262,ACC-00030,CoreStack,CoreStack - Seat Expansion,Closed Lost,218000,EUR,2024-09-18,2024-07-11,22,Expansion,12,James Park,2024-09-18,0,,
OPP-00263,ACC-00031,Pulse Analytics Inc.,Pulse Analytics Inc. - Seat Expansion,Closed Won,148000,USD,2025-02-25,2024-05-11,21,Expansion,12,Mike Rodriguez,2025-02-25,100,,
OPP-00264,ACC-00032,Arcus Tech,Arcus Tech - Platform Subscription,Closed Lost,148000,USD,2022-11-15,2022-07-29,15,New Business,12,James Park,2022-11-15,0,,
OPP-00265,ACC-00033,TerraForm,TerraForm - Contract Renewal,Closed Won,83000,USD,2025-03-18,2024-01-26,32,Renewal,12,Sarah Chen,2025-03-18,100,,
OPP-00266,ACC-00034,Vanta,Vanta - Initial Contract,Closed Lost,49000,USD,2024-06-10,2023-05-09,18,New Business,12,David Kim,2024-06-10,0,,
OPP-00267,ACC-00035,Codex,Codex - Subscription Renewal,Closed Won,49000,USD,2023-02-28,2022-10-22,54,Renewal,12,David Kim,2023-02-28,100,,
OPP-00268,ACC-00036,Synthetix,Synthetix - Platform Subscription,Prospecting,206000,USD,2025-04-04,2022-11-26,13,New Business,12,Emma Thompson,2025-03-14,10,Technical review,
OPP-00269,ACC-00037,PixelWave Studios,PixelWave Studios - Platform Subscription,Proposal,101000,USD,2025-08-21,2022-10-14,14,New Business,12,Sarah Chen,2025-03-13,10,Executive meeting,
OPP-00270,ACC-00038,Alpine Data,Alpine Data - Annual Renewal,Closed Lost,222000,USD,2024-11-15,2022-10-14,57,Renewal,12,Emma Thompson,2024-11-15,0,,
OPP-00271,ACC-00039,Orbis Technology,Orbis Technology - Contract Renewal,Closed Won,65000,USD,2024-09-16,2024-06-30,20,Renewal,12,David Kim,2024-09-16,100,,
OPP-00272,ACC-00040,NightOwl,NightOwl - New License,Discovery,20000,EUR,2025-07-19,2023-05-26,37,New Business,12,David Kim,2025-03-21,25,Contract negotiation,
OPP-00273,ACC-00041,Kinetic Sys,Kinetic Sys - New License,Closed Won,34000,USD,2025-02-18,2024-12-31,32,New Business,12,James Park,2025-02-18,100,,
OPP-00274,ACC-00042,Zenith AI Corp,Zenith AI Corp - New License,Closed Won,52000,USD,2024-10-19,2022-09-15,22,New Business,12,Sarah Chen,2024-10-19,100,,
OPP-00275,ACC-00043,DragonCloud,DragonCloud - Contract Renewal,Closed Lost,35000,USD,2025-02-25,2024-12-16,14,Renewal,12,Lisa Wang,2025-02-25,0,,
OPP-00276,ACC-00044,SilkRoute,SilkRoute - Tier Upgrade,Closed Won,154000,USD,2023-06-04,2022-12-14,19,Expansion,12,Lisa Wang,2023-06-04,100,,
OPP-00277,ACC-00045,Aurora Technology,Aurora Technology - New License,Prospecting,127000,USD,2025-10-26,2022-09-25,10,New Business,12,James Park,2025-03-15,10,Contract negotiation,
OPP-00278,ACC-00046,Nuvola,Nuvola - Tier Upgrade,Closed Won,168000,USD,2025-03-21,2022-10-02,58,Expansion,12,Mike Rodriguez,2025-03-21,100,,
OPP-00279,ACC-00047,DigitalBridge,DigitalBridge - Annual Renewal,Proposal,215000,USD,2025-11-15,2022-08-12,8,Renewal,12,Emma Thompson,2025-03-27,50,Security review,
OPP-00280,ACC-00048,Cloud Vista Inc.,Cloud Vista Inc. - Module Add-on,Closed Won,243000,USD,2024-09-27,2024-05-27,16,Expansion,12,Emma Thompson,2024-09-27,100,,
OPP-00281,ACC-00049,Verdant Sys,Verdant Sys - Initial Contract,Discovery,208000,USD,2025-06-19,2022-08-14,35,New Business,12,Sarah Chen,2025-03-06,25,Pricing discussion,
OPP-00282,ACC-00050,Helix,Helix - Module Add-on,Closed Lost,139000,USD,2023-03-02,2022-08-11,48,Expansion,12,Sarah Chen,2023-03-02,0,,
OPP-00283,ACC-00051,Cirrus Logic,Cirrus Logic - Contract Renewal,Closed Won,149000,USD,2024-02-17,2023-07-11,25,Renewal,12,Mike Rodriguez,2024-02-17,100,,
OPP-00284,ACC-00052,DeepField,DeepField - Subscription Renewal,Closed Won,202000,USD,2024-01-13,2023-05-04,36,Renewal,12,Mike Rodriguez,2024-01-13,100,,
OPP-00285,ACC-00053,Lightspeed,Lightspeed - Initial Contract,Discovery,201000,USD,2025-08-12,2024-01-04,24,New Business,12,James Park,2025-03-06,25,Executive meeting,
OPP-00286,ACC-00054,OmniCore,OmniCore - Seat Expansion,Closed Lost,118000,USD,2024-08-05,2023-07-29,42,Expansion,12,David Kim,2024-08-05,0,,
OPP-00287,ACC-00055,Flux Technology,Flux Technology - Tier Upgrade,Closed Lost,172000,USD,2024-12-17,2024-03-12,9,Expansion,12,Sarah Chen,2024-12-17,0,,
OPP-00288,ACC-00056,Sapient,Sapient - Subscription Renewal,Closed Lost,82000,USD,2024-09-25,2023-11-13,54,Renewal,12,Lisa Wang,2024-09-25,0,,
OPP-00289,ACC-00057,Wavelength,Wavelength - Module Add-on,Closed Won,179000,EUR,2025-03-23,2024-12-27,36,Expansion,12,Sarah Chen,2025-03-23,100,,
OPP-00290,ACC-00058,EdgePoint,EdgePoint - Module Add-on,Closed Lost,114000,USD,2024-05-16,2023-09-10,8,Expansion,12,Mike Rodriguez,2024-05-16,0,,
OPP-00291,ACC-00059,Cortex Auto,Cortex Auto - Module Add-on,Discovery,84000,USD,2025-10-18,2023-03-18,15,Expansion,12,Sarah Chen,2025-03-24,25,Demo scheduled,
OPP-00292,ACC-00060,MedVantage Health,MedVantage Health - Seat Expansion,Proposal,101000,EUR,2025-08-31,2023-01-14,6,Expansion,12,Emma Thompson,2025-03-15,10,,
OPP-00293,ACC-00061,CarePath,CarePath - Module Add-on,Closed Won,43000,USD,2024-11-26,2024-05-07,12,Expansion,12,Mike Rodriguez,2024-11-26,100,,
OPP-00294,ACC-00062,Vitality Health,Vitality Health - Tier Upgrade,Closed Lost,221000,USD,2023-09-12,2022-12-13,31,Expansion,12,James Park,2023-09-12,0,,
OPP-00295,ACC-00063,BioSync,BioSync - New License,Closed Lost,129000,USD,2024-08-15,2024-03-28,55,New Business,12,Lisa Wang,2024-08-15,0,,
OPP-00296,ACC-00064,HealthGrid Inc.,HealthGrid Inc. - Subscription Renewal,Closed Won,214000,USD,2023-09-28,2022-08-21,57,Renewal,12,Mike Rodriguez,2023-09-28,100,,
OPP-00297,ACC-00065,Aether Med,Aether Med - Subscription Renewal,Closed Won,157000,USD,2024-12-23,2024-09-16,60,Renewal,12,Mike Rodriguez,2024-12-23,100,,
OPP-00298,ACC-00066,NovaCare,NovaCare - Module Add-on,Closed Lost,20000,USD,2024-12-27,2024-08-15,52,Expansion,12,Lisa Wang,2024-12-27,0,,
OPP-00299,ACC-00067,Centric Health Solutions,Centric Health Solutions - Module Add-on,Closed Won,79000,USD,2025-03-22,2024-09-13,34,Expansion,12,David Kim,2025-03-22,100,,
OPP-00300,ACC-00068,Pacific Health,Pacific Health - Tier Upgrade,Closed Lost,11000,EUR,2025-02-20,2022-08-04,52,Expansion,12,David Kim,2025-02-20,0,,
OPP-00301,ACC-00069,MedBridge,MedBridge - Tier Upgrade,Closed Won,129000,USD,2024-02-18,2023-06-03,55,Expansion,12,Sarah Chen,2024-02-18,100,,
OPP-00302,ACC-00070,Salud,Salud - Platform Subscription,Discovery,28000,USD,2025-10-08,2023-10-03,41,New Business,12,Sarah Chen,2025-03-21,80,Executive meeting,
OPP-00303,ACC-00071,TrueHealth,TrueHealth - Contract Renewal,Prospecting,65000,USD,2025-10-21,2023-04-11,41,Renewal,12,James Park,2025-03-18,10,Security review,
OPP-00304,ACC-00072,WellCore,WellCore - Seat Expansion,Discovery,134000,USD,2025-09-18,2023-07-10,13,Expansion,12,Emma Thompson,2025-03-01,25,POC setup,
OPP-00305,ACC-00073,Genome,Genome - Platform Subscription,Closed Lost,47000,USD,2023-12-11,2023-11-09,53,New Business,12,Mike Rodriguez,2023-12-11,0,,
OPP-00306,ACC-00074,PulsePoint,PulsePoint - New License,Discovery,111000,USD,2025-07-27,2024-02-21,29,New Business,12,James Park,2025-03-26,25,Technical review,
OPP-00307,ACC-00075,Apex Capital Group,Apex Capital Group - Platform Subscription,Discovery,112000,USD,2025-10-27,2024-10-13,9,New Business,12,Sarah Chen,2025-03-14,25,POC setup,
OPP-00308,ACC-00076,Fidelity Bridge Inc.,Fidelity Bridge Inc. - Tier Upgrade,Closed Won,51000,USD,2023-10-16,2023-05-23,20,Expansion,12,James Park,2023-10-16,100,,
OPP-00309,ACC-00077,Sterling Wealth Management,Sterling Wealth Management - Initial Contract,Closed Won,55000,USD,2025-02-09,2024-02-09,14,New Business,12,Mike Rodriguez,2025-02-09,100,,
OPP-00310,ACC-00078,BankTech,BankTech - Tier Upgrade,Proposal,29000,USD,2025-10-29,2023-03-12,5,Expansion,12,Emma Thompson,2025-03-26,10,Executive meeting,
OPP-00311,ACC-00079,Moneta,Moneta - Subscription Renewal,Closed Won,85000,USD,2024-07-20,2022-07-12,5,Renewal,12,Mike Rodriguez,2024-07-20,100,,
OPP-00312,ACC-00080,Fortis Capital,Fortis Capital - Annual Renewal,Closed Won,17000,USD,2024-09-17,2024-07-23,50,Renewal,12,David Kim,2024-09-17,100,,
OPP-00313,ACC-00081,Pacific Wealth Partners,Pacific Wealth Partners - Initial Contract,Closed Lost,70000,USD,2023-08-29,2023-02-17,35,New Business,12,James Park,2023-08-29,0,,
OPP-00314,ACC-00082,Finova,Finova - Seat Expansion,Closed Lost,201000,USD,2023-06-05,2022-08-04,19,Expansion,12,Mike Rodriguez,2023-06-05,0,,
OPP-00315,ACC-00083,LatAm Financial Services,LatAm Financial Services - Initial Contract,Closed Won,244000,USD,2025-02-22,2024-11-30,55,New Business,12,Lisa Wang,2025-02-22,100,,
OPP-00316,ACC-00084,TrustBank,TrustBank - Contract Renewal,Closed Won,110000,USD,2023-11-16,2023-03-20,59,Renewal,12,Lisa Wang,2023-11-16,100,,
OPP-00317,ACC-00085,Forge Ind.,Forge Ind. - Contract Renewal,Negotiation,215000,USD,2025-07-27,2023-01-07,42,Renewal,12,Mike Rodriguez,2025-03-24,75,,
OPP-00318,ACC-00086,Titan Mfg,Titan Mfg - Annual Renewal,Proposal,191000,USD,2025-04-28,2023-12-25,23,Renewal,12,Mike Rodriguez,2025-03-19,50,Executive meeting,
OPP-00319,ACC-00087,Precision Dynamics Corp,Precision Dynamics Corp - Contract Renewal,Closed Won,168000,USD,2024-08-18,2023-11-11,33,Renewal,12,Emma Thompson,2024-08-18,100,,
OPP-00320,ACC-00088,Steelbridge,Steelbridge - Platform Subscription,Closed Won,75000,USD,2024-01-19,2023-12-06,49,New Business,12,Emma Thompson,2024-01-19,100,,
OPP-00321,ACC-00089,EuroForge,EuroForge - Initial Contract,Prospecting,164000,USD,2025-08-02,2022-10-13,37,New Business,12,James Park,2025-03-28,10,Security review,
OPP-00322,ACC-00090,Rhine Ind.,Rhine Ind. - Contract Renewal,Closed Lost,162000,USD,2024-01-13,2023-05-16,60,Renewal,12,Lisa Wang,2024-01-13,0,,
OPP-00323,ACC-00091,Kanto Mfg,Kanto Mfg - New License,Closed Won,204000,USD,2023-01-11,2022-07-30,14,New Business,12,Mike Rodriguez,2023-01-11,100,,
OPP-00324,ACC-00092,Pacifica Ind,Pacifica Ind - Initial Contract,Negotiation,215000,USD,2025-08-28,2023-09-13,32,New Business,12,Emma Thompson,2025-03-01,90,,
OPP-00325,ACC-00093,Andean Mfg,Andean Mfg - Initial Contract,Negotiation,238000,USD,2025-09-11,2022-12-29,10,New Business,12,Mike Rodriguez,2025-03-14,75,Technical review,
OPP-00326,ACC-00094,Ironworks,Ironworks - Module Add-on,Closed Won,131000,USD,2023-12-17,2022-11-23,7,Expansion,12,Mike Rodriguez,2023-12-17,100,,
OPP-00327,ACC-00095,Urban Mart Inc.,Urban Mart Inc. - Seat Expansion,Closed Lost,117000,USD,2022-11-18,2022-10-08,7,Expansion,12,James Park,2022-11-18,0,,
OPP-00328,ACC-00096,ShopStream Inc.,ShopStream Inc. - Platform Subscription,Closed Won,32000,USD,2023-10-10,2023-04-19,42,New Business,12,Lisa Wang,2023-10-10,100,,
OPP-00329,ACC-00097,Retail Edge Corp,Retail Edge Corp - Initial Contract,Closed Won,90000,USD,2024-01-19,2023-09-11,26,New Business,12,Mike Rodriguez,2024-01-19,100,,
OPP-00330,ACC-00098,FreshMarket,FreshMarket - Seat Expansion,Closed Won,113000,USD,2023-12-24,2022-06-27,36,Expansion,12,David Kim,2023-12-24,100,,
OPP-00331,ACC-00099,Europa Retail,Europa Retail - Module Add-on,Closed Won,205000,USD,2023-01-24,2022-11-08,21,Expansion,12,Lisa Wang,2023-01-24,100,,
OPP-00332,ACC-00100,Nordic Shops AB,Nordic Shops AB - Tier Upgrade,Closed Won,63000,USD,2025-03-19,2023-10-21,34,Expansion,12,Mike Rodriguez,2025-03-19,100,,
OPP-00333,ACC-00101,Pacific Mart,Pacific Mart - Contract Renewal,Closed Won,178000,USD,2022-11-08,2022-08-01,58,Renewal,12,Emma Thompson,2022-11-08,100,,
OPP-00334,ACC-00102,Bazaar Tech,Bazaar Tech - New License,Proposal,20000,USD,2025-04-15,2024-12-20,45,New Business,12,James Park,2025-03-09,50,Executive meeting,
OPP-00335,ACC-00103,Mercado,Mercado - Seat Expansion,Closed Lost,136000,USD,2024-12-26,2024-09-13,18,Expansion,12,Emma Thompson,2024-12-26,0,,
OPP-00336,ACC-00104,Beacon Retail Group,Beacon Retail Group - Module Add-on,Closed Won,173000,USD,2024-02-28,2023-04-08,14,Expansion,12,Emma Thompson,2024-02-28,100,,
OPP-00337,ACC-00105,EduPath Learning,EduPath Learning - Initial Contract,Closed Won,151000,USD,2024-10-30,2023-11-20,56,New Business,12,Lisa Wang,2024-10-30,100,,
OPP-00338,ACC-00106,Bright Minds,Bright Minds - New License,Closed Won,242000,USD,2024-07-08,2023-09-26,24,New Business,12,Mike Rodriguez,2024-07-08,100,,
OPP-00339,ACC-00107,LearnSphere Inc.,LearnSphere Inc. - Contract Renewal,Proposal,181000,USD,2025-04-21,2022-12-03,22,Renewal,12,Sarah Chen,2025-03-30,50,Security review,
OPP-00340,ACC-00108,AcademiQ Solutions,AcademiQ Solutions - Contract Renewal,Closed Won,58000,USD,2025-01-25,2024-11-19,27,Renewal,12,David Kim,2025-01-25,100,,
OPP-00341,ACC-00109,EduNova Group,EduNova Group - Tier Upgrade,Closed Won,63000,USD,2024-05-23,2022-07-05,6,Expansion,12,Lisa Wang,2024-05-23,100,,
OPP-00342,ACC-00110,Amplify,Amplify - Contract Renewal,Closed Won,218000,USD,2025-03-07,2024-05-28,51,Renewal,12,David Kim,2025-03-07,100,,
OPP-00343,ACC-00111,Spectrum,Spectrum - Platform Subscription,Closed Lost,123000,EUR,2024-11-22,2024-08-10,23,New Business,12,David Kim,2024-11-22,0,,
OPP-00344,ACC-00112,Lumina,Lumina - Tier Upgrade,Proposal,94000,USD,2025-05-11,2023-11-06,49,Expansion,12,David Kim,2025-03-09,10,Contract negotiation,
OPP-00345,ACC-00113,Rising Sun,Rising Sun - Tier Upgrade,Closed Won,126000,USD,2024-03-31,2022-09-12,41,Expansion,12,Sarah Chen,2024-03-31,100,,
OPP-00346,ACC-00114,Solaris,Solaris - Contract Renewal,Closed Won,195000,USD,2023-04-10,2022-07-17,52,Renewal,12,Emma Thompson,2023-04-10,100,,
OPP-00347,ACC-00115,GreenVolt Power,GreenVolt Power - Module Add-on,Proposal,231000,USD,2025-05-20,2024-11-17,17,Expansion,12,Mike Rodriguez,2025-03-11,50,Security review,
OPP-00348,ACC-00116,Renewable Dyn.,Renewable Dyn. - Annual Renewal,Prospecting,184000,USD,2025-11-25,2022-12-03,22,Renewal,12,James Park,2025-03-12,10,Executive meeting,
OPP-00349,ACC-00117,Stratton,Stratton - New License,Closed Won,96000,USD,2025-03-25,2024-12-23,9,New Business,12,Emma Thompson,2025-03-25,100,,
OPP-00350,ACC-00118,Vanguard,Vanguard - Annual Renewal,Closed Won,167000,USD,2024-12-24,2024-03-06,46,Renewal,12,Lisa Wang,2024-12-24,100,,
OPP-00351,ACC-00001,Quantum Dynamics Inc.,Quantum Dynamics Inc. - Initial Contract,Closed Lost,102000,USD,2023-11-11,2023-09-29,24,New Business,12,Sarah Chen,2023-11-11,0,,
OPP-00352,ACC-00002,Meridian Health,Meridian Health - Seat Expansion,Proposal,55000,USD,2025-04-05,2022-06-22,11,Expansion,12,Lisa Wang,2025-03-20,10,,
OPP-00353,ACC-00003,Atlas Logistics,Atlas Logistics - Seat Expansion,Closed Lost,186000,USD,2024-08-24,2024-04-12,33,Expansion,12,David Kim,2024-08-24,0,,
OPP-00354,ACC-00004,Novatech,Novatech - Annual Renewal,Closed Lost,229000,USD,2024-07-03,2024-02-03,53,Renewal,12,Sarah Chen,2024-07-03,0,,
OPP-00355,ACC-00005,Lumin Digital,Lumin Digital - Initial Contract,Proposal,172000,USD,2025-07-06,2023-12-23,9,New Business,12,James Park,2025-03-31,10,Pricing discussion,
OPP-00356,ACC-00006,Clearview Analytics Inc.,Clearview Analytics Inc. - New License,Discovery,234000,USD,2025-11-13,2022-12-10,22,New Business,12,Mike Rodriguez,2025-03-14,25,Technical review,
OPP-00357,ACC-00007,Prism Software Solutions,Prism Software Solutions - Initial Contract,Closed Lost,140000,USD,2025-01-10,2024-10-18,45,New Business,12,James Park,2025-01-10,0,,
OPP-00358,ACC-00008,Summit Financial Group,Summit Financial Group - Subscription Renewal,Closed Won,74000,USD,2025-01-22,2023-06-09,39,Renewal,12,David Kim,2025-01-22,100,,
OPP-00359,ACC-00009,Horizon Media Partners,Horizon Media Partners - Module Add-on,Closed Won,180000,USD,2025-01-31,2024-07-17,36,Expansion,12,Mike Rodriguez,2025-01-31,100,,
OPP-00360,ACC-00010,Vertex Engineering Ltd.,Vertex Engineering Ltd. - Subscription Renewal,Discovery,74000,EUR,2025-05-02,2022-11-26,39,Renewal,12,Mike Rodriguez,2025-03-25,25,Executive meeting,
OPP-00361,ACC-00011,Stratos Cloud Services,Stratos Cloud Services - Contract Renewal,Closed Won,44000,EUR,2023-08-15,2022-11-17,34,Renewal,12,Sarah Chen,2023-08-15,100,,
OPP-00362,ACC-00012,Pinnacle Retail Group,Pinnacle Retail Group - New License,Closed Won,57000,USD,2025-02-10,2023-02-03,51,New Business,12,James Park,2025-02-10,100,,
OPP-00363,ACC-00013,Catalyst Innovation Labs,Catalyst Innovation Labs - Initial Contract,Negotiation,162000,USD,2025-08-27,2024-04-27,6,New Business,12,James Park,2025-03-02,75,Security review,
OPP-00364,ACC-00014,Redwood Mfg Corp,Redwood Mfg Corp - Tier Upgrade,Closed Won,125000,USD,2025-01-23,2024-08-06,17,Expansion,12,Mike Rodriguez,2025-01-23,100,,
OPP-00365,ACC-00023,Nebula Systems Inc.,Nebula Systems Inc. - New License,Closed Won,221000,USD,2025-02-03,2023-09-23,8,New Business,12,Emma Thompson,2025-02-03,100,,
OPP-00366,ACC-00024,Ironclad Sec,Ironclad Sec - Subscription Renewal,Negotiation,112000,USD,2025-06-22,2022-10-05,22,Renewal,12,Emma Thompson,2025-03-10,90,,
OPP-00367,ACC-00025,ByteForge Inc.,ByteForge Inc. - Platform Subscription,Closed Won,102000,USD,2023-12-21,2023-08-04,45,New Business,12,Sarah Chen,2023-12-21,100,,
OPP-00368,ACC-00026,Datastream,Datastream - New License,Proposal,137000,USD,2025-07-18,2023-06-09,25,New Business,12,James Park,2025-03-10,50,Contract negotiation,
OPP-00369,ACC-00027,CloudPeak,CloudPeak - Tier Upgrade,Proposal,119000,USD,2025-09-12,2024-07-08,50,Expansion,12,James Park,2025-03-19,50,Demo scheduled,
OPP-00370,ACC-00028,Silverline Technology,Silverline Technology - Initial Contract,Closed Won,21000,USD,2024-08-04,2024-01-20,22,New Business,12,Sarah Chen,2024-08-04,100,,
OPP-00371,ACC-00029,Nextera,Nextera - Contract Renewal,Prospecting,36000,USD,2025-10-31,2024-09-16,35,Renewal,12,Emma Thompson,2025-03-30,10,Technical review,
OPP-00372,ACC-00030,CoreStack,CoreStack - Contract Renewal,Closed Lost,123000,USD,2025-02-08,2023-12-28,24,Renewal,12,Emma Thompson,2025-02-08,0,,
OPP-00373,ACC-00031,Pulse Analytics Inc.,Pulse Analytics Inc. - Annual Renewal,Closed Won,183000,USD,2025-01-17,2024-03-09,59,Renewal,12,David Kim,2025-01-17,100,,
OPP-00374,ACC-00032,Arcus Tech,Arcus Tech - Subscription Renewal,Prospecting,246000,USD,2025-09-23,2024-08-05,28,Renewal,12,Sarah Chen,2025-03-06,10,Pricing discussion,
OPP-00375,ACC-00033,TerraForm,TerraForm - New License,Closed Won,168000,USD,2024-05-14,2023-09-25,13,New Business,12,Lisa Wang,2024-05-14,100,,
OPP-00376,ACC-00034,Vanta,Vanta - Module Add-on,Prospecting,80000,USD,2025-07-01,2023-10-19,13,Expansion,12,Mike Rodriguez,2025-03-01,10,Demo scheduled,
OPP-00377,ACC-00035,Codex,Codex - Module Add-on,Closed Won,172000,USD,2024-10-20,2024-03-26,11,Expansion,12,Emma Thompson,2024-10-20,100,,
OPP-00378,ACC-00036,Synthetix,Synthetix - Tier Upgrade,Closed Won,240000,EUR,2024-11-07,2023-10-17,58,Expansion,12,Sarah Chen,2024-11-07,100,,
OPP-00379,ACC-00037,PixelWave Studios,PixelWave Studios - Initial Contract,Closed Won,100000,USD,2024-12-18,2024-09-27,43,New Business,12,Lisa Wang,2024-12-18,100,,
OPP-00380,ACC-00038,Alpine Data,Alpine Data - Initial Contract,Prospecting,167000,USD,2025-09-16,2022-12-21,45,New Business,12,Lisa Wang,2025-03-14,10,Technical review,
OPP-00381,ACC-00039,Orbis Technology,Orbis Technology - Contract Renewal,Prospecting,175000,USD,2025-07-28,2022-12-19,3,Renewal,12,Mike Rodriguez,2025-03-06,10,POC setup,
OPP-00382,ACC-00040,NightOwl,NightOwl - New License,Closed Won,30000,USD,2024-03-13,2024-01-04,31,New Business,12,David Kim,2024-03-13,100,,
OPP-00383,ACC-00041,Kinetic Sys,Kinetic Sys - Contract Renewal,Closed Lost,92000,EUR,2025-02-24,2024-10-30,28,Renewal,12,Sarah Chen,2025-02-24,0,,
OPP-00384,ACC-00042,Zenith AI Corp,Zenith AI Corp - Subscription Renewal,Closed Lost,53000,USD,2025-02-06,2022-11-01,27,Renewal,12,James Park,2025-02-06,0,,
OPP-00385,ACC-00043,DragonCloud,DragonCloud - Module Add-on,Closed Won,169000,EUR,2025-02-06,2022-10-15,52,Expansion,12,Emma Thompson,2025-02-06,100,,
OPP-00386,ACC-00044,SilkRoute,SilkRoute - Contract Renewal,Closed Won,139000,USD,2023-01-14,2022-10-05,9,Renewal,12,Mike Rodriguez,2023-01-14,100,,
OPP-00387,ACC-00045,Aurora Technology,Aurora Technology - Tier Upgrade,Closed Lost,187000,EUR,2023-07-02,2022-07-02,6,Expansion,12,David Kim,2023-07-02,0,,
OPP-00388,ACC-00046,Nuvola,Nuvola - Module Add-on,Negotiation,242000,USD,2025-07-01,2023-03-08,42,Expansion,12,James Park,2025-03-06,75,Technical review,
OPP-00389,ACC-00047,DigitalBridge,DigitalBridge - New License,Proposal,240000,USD,2025-06-10,2024-12-28,47,New Business,12,David Kim,2025-03-19,50,Technical review,
OPP-00390,ACC-00048,Cloud Vista Inc.,Cloud Vista Inc. - Tier Upgrade,Closed Lost,146000,USD,2025-02-03,2024-12-10,14,Expansion,12,Mike Rodriguez,2025-02-03,0,,
OPP-00391,ACC-00049,Verdant Sys,Verdant Sys - Module Add-on,Closed Won,226000,USD,2022-11-24,2022-09-02,22,Expansion,12,Mike Rodriguez,2022-11-24,100,,
OPP-00392,ACC-00050,Helix,Helix - Subscription Renewal,Discovery,81000,USD,2025-04-10,2024-04-18,18,Renewal,12,Lisa Wang,2025-03-15,25,Executive meeting,
OPP-00393,ACC-00051,Cirrus Logic,Cirrus Logic - Module Add-on,Closed Lost,182000,USD,2024-08-31,2024-04-18,14,Expansion,12,Mike Rodriguez,2024-08-31,0,,
OPP-00394,ACC-00052,DeepField,DeepField - New License,Closed Lost,226000,USD,2024-06-26,2024-05-04,54,New Business,12,Mike Rodriguez,2024-06-26,0,,
OPP-00395,ACC-00053,Lightspeed,Lightspeed - Subscription Renewal,Closed Won,47000,USD,2024-11-21,2022-12-21,38,Renewal,12,Emma Thompson,2024-11-21,100,,
OPP-00396,ACC-00054,OmniCore,OmniCore - Tier Upgrade,Closed Lost,65000,USD,2025-02-19,2024-10-06,43,Expansion,12,Sarah Chen,2025-02-19,0,,
OPP-00397,ACC-00055,Flux Technology,Flux Technology - Tier Upgrade,Closed Won,120000,USD,2025-03-14,2024-05-23,22,Expansion,12,Lisa Wang,2025-03-14,100,,
OPP-00398,ACC-00056,Sapient,Sapient - Platform Subscription,Closed Won,233000,USD,2024-08-02,2024-04-06,47,New Business,12,Lisa Wang,2024-08-02,100,,
OPP-00399,ACC-00057,Wavelength,Wavelength - Tier Upgrade,Discovery,37000,USD,2025-11-01,2022-06-17,14,Expansion,12,Lisa Wang,2025-03-27,25,Demo scheduled,
OPP-00400,ACC-00058,EdgePoint,EdgePoint - Tier Upgrade,Closed Lost,250000,USD,2024-03-24,2023-08-13,50,Expansion,12,Sarah Chen,2024-03-24,0,,
OPP-00401,ACC-00059,Cortex Auto,Cortex Auto - Initial Contract,Negotiation,195000,EUR,2025-11-24,2022-07-09,59,New Business,12,David Kim,2025-03-04,75,Security review,
OPP-00402,ACC-00060,MedVantage Health,MedVantage Health - New License,Discovery,148000,EUR,2025-05-15,2023-10-04,18,New Business,12,Emma Thompson,2025-03-12,25,Security review,
OPP-00403,ACC-00061,CarePath,CarePath - Initial Contract,Prospecting,153000,USD,2025-08-19,2024-03-27,12,New Business,12,Lisa Wang,2025-03-18,10,Technical review,
OPP-00404,ACC-00062,Vitality Health,Vitality Health - Platform Subscription,Closed Lost,213000,USD,2024-12-10,2023-11-08,10,New Business,12,Mike Rodriguez,2024-12-10,0,,
OPP-00405,ACC-00063,BioSync,BioSync - Subscription Renewal,Closed Won,23000,USD,2025-03-25,2024-12-26,38,Renewal,12,Emma Thompson,2025-03-25,100,,
OPP-00406,ACC-00064,HealthGrid Inc.,HealthGrid Inc. - Annual Renewal,Closed Won,226000,USD,2024-03-04,2022-07-16,10,Renewal,12,Sarah Chen,2024-03-04,100,,
OPP-00407,ACC-00065,Aether Med,Aether Med - New License,Closed Lost,207000,USD,2024-12-21,2023-10-19,53,New Business,12,Emma Thompson,2024-12-21,0,,
OPP-00408,ACC-00066,NovaCare,NovaCare - Seat Expansion,Closed Won,147000,USD,2024-10-14,2024-06-01,46,Expansion,12,Emma Thompson,2024-10-14,100,,
OPP-00409,ACC-00067,Centric Health Solutions,Centric Health Solutions - New License,Closed Lost,79000,USD,2024-09-03,2022-09-20,46,New Business,12,Emma Thompson,2024-09-03,0,,
OPP-00410,ACC-00068,Pacific Health,Pacific Health - Initial Contract,Proposal,24000,USD,2025-08-10,2023-11-14,44,New Business,12,Emma Thompson,2025-03-24,50,Executive meeting,
OPP-00411,ACC-00069,MedBridge,MedBridge - Subscription Renewal,Prospecting,81000,EUR,2025-07-15,2022-08-23,32,Renewal,12,David Kim,2025-03-23,10,POC setup,
OPP-00412,ACC-00070,Salud,Salud - Initial Contract,Closed Won,196000,USD,2024-06-19,2024-02-13,49,New Business,12,James Park,2024-06-19,100,,
OPP-00413,ACC-00071,TrueHealth,TrueHealth - Annual Renewal,Closed Lost,58000,USD,2024-11-24,2024-09-04,21,Renewal,12,Sarah Chen,2024-11-24,0,,
OPP-00414,ACC-00072,WellCore,WellCore - Initial Contract,Discovery,109000,USD,2025-08-05,2023-04-14,33,New Business,12,Emma Thompson,2025-03-29,25,Contract negotiation,
OPP-00415,ACC-00073,Genome,Genome - Initial Contract,Closed Won,98000,EUR,2022-09-22,2022-08-21,8,New Business,12,Emma Thompson,2022-09-22,100,,
OPP-00416,ACC-00074,PulsePoint,PulsePoint - New License,Closed Lost,137000,USD,2024-11-24,2024-05-14,15,New Business,12,James Park,2024-11-24,0,,
OPP-00417,ACC-00075,Apex Capital Group,Apex Capital Group - Annual Renewal,Prospecting,30000,USD,2025-06-27,2024-12-25,36,Renewal,12,Mike Rodriguez,2025-03-13,10,Pricing discussion,
OPP-00418,ACC-00076,Fidelity Bridge Inc.,Fidelity Bridge Inc. - Platform Subscription,Closed Won,167000,USD,2024-10-17,2024-08-17,11,New Business,12,James Park,2024-10-17,100,,
OPP-00419,ACC-00077,Sterling Wealth Management,Sterling Wealth Management - Initial Contract,Proposal,65000,USD,2025-07-16,2023-07-13,25,New Business,12,Emma Thompson,2025-03-05,50,Executive meeting,
OPP-00420,ACC-00078,BankTech,BankTech - Platform Subscription,Closed Won,78000,USD,2024-09-21,2024-02-12,17,New Business,12,David Kim,2024-09-21,100,,
OPP-00421,ACC-00079,Moneta,Moneta - Tier Upgrade,Closed Lost,138000,USD,2024-04-11,2022-07-28,10,Expansion,12,Mike Rodriguez,2024-04-11,0,,
OPP-00422,ACC-00080,Fortis Capital,Fortis Capital - New License,Proposal,237000,EUR,2025-10-03,2023-10-26,48,New Business,12,Sarah Chen,2025-03-28,50,Security review,
OPP-00423,ACC-00081,Pacific Wealth Partners,Pacific Wealth Partners - Seat Expansion,Closed Won,239000,USD,2023-07-17,2022-10-30,43,Expansion,12,Emma Thompson,2023-07-17,100,,
OPP-00424,ACC-00082,Finova,Finova - Tier Upgrade,Prospecting,99000,USD,2025-06-10,2023-08-30,10,Expansion,12,Mike Rodriguez,2025-03-03,10,Contract negotiation,
OPP-00425,ACC-00083,LatAm Financial Services,LatAm Financial Services - Platform Subscription,Discovery,111000,USD,2025-05-06,2024-07-17,20,New Business,12,David Kim,2025-03-20,25,Security review,
OPP-00426,ACC-00084,TrustBank,TrustBank - Platform Subscription,Closed Won,236000,USD,2024-09-11,2023-11-09,36,New Business,12,Mike Rodriguez,2024-09-11,100,,
OPP-00427,ACC-00085,Forge Ind.,Forge Ind. - Platform Subscription,Closed Won,115000,EUR,2025-01-19,2024-02-13,49,New Business,12,Mike Rodriguez,2025-01-19,100,,
OPP-00428,ACC-00086,Titan Mfg,Titan Mfg - Contract Renewal,Prospecting,60000,EUR,2025-04-23,2022-11-21,4,Renewal,12,Lisa Wang,2025-03-17,10,Contract negotiation,
OPP-00429,ACC-00087,Precision Dynamics Corp,Precision Dynamics Corp - Tier Upgrade,Discovery,164000,USD,2025-09-21,2024-04-19,38,Expansion,12,Mike Rodriguez,2025-03-04,25,POC setup,
OPP-00430,ACC-00088,Steelbridge,Steelbridge - Module Add-on,Negotiation,235000,USD,2025-07-14,2022-08-30,6,Expansion,12,Mike Rodriguez,2025-03-13,75,,
OPP-00431,ACC-00089,EuroForge,EuroForge - Subscription Renewal,Closed Lost,91000,USD,2023-12-02,2023-03-27,19,Renewal,12,Sarah Chen,2023-12-02,0,,
OPP-00432,ACC-00090,Rhine Ind.,Rhine Ind. - Tier Upgrade,Proposal,143000,USD,2025-07-27,2024-06-27,42,Expansion,12,Mike Rodriguez,2025-03-17,50,Executive meeting,
OPP-00433,ACC-00091,Kanto Mfg,Kanto Mfg - Subscription Renewal,Closed Lost,187000,USD,2024-01-14,2023-11-04,8,Renewal,12,Sarah Chen,2024-01-14,0,,
OPP-00434,ACC-00092,Pacifica Ind,Pacifica Ind - Subscription Renewal,Proposal,194000,USD,2025-06-08,2024-01-10,55,Renewal,12,Lisa Wang,2025-03-16,50,Contract negotiation,
OPP-00435,ACC-00093,Andean Mfg,Andean Mfg - Tier Upgrade,Proposal,71000,USD,2025-09-11,2023-05-03,44,Expansion,12,Emma Thompson,2025-03-06,50,,
OPP-00436,ACC-00094,Ironworks,Ironworks - Subscription Renewal,Closed Won,70000,USD,2025-01-04,2024-11-17,7,Renewal,12,Sarah Chen,2025-01-04,100,,
OPP-00437,ACC-00095,Urban Mart Inc.,Urban Mart Inc. - Tier Upgrade,Proposal,89000,USD,2025-04-01,2022-10-25,34,Expansion,12,David Kim,2025-03-07,50,,
OPP-00438,ACC-00096,ShopStream Inc.,ShopStream Inc. - Subscription Renewal,Discovery,168000,USD,2025-11-19,2024-04-18,21,Renewal,12,Lisa Wang,2025-03-23,25,Demo scheduled,
OPP-00439,ACC-00097,Retail Edge Corp,Retail Edge Corp - Annual Renewal,Discovery,48000,USD,2025-08-20,2023-12-05,6,Renewal,12,James Park,2025-03-01,25,Pricing discussion,
OPP-00440,ACC-00098,FreshMarket,FreshMarket - Seat Expansion,Closed Won,102000,USD,2023-05-23,2023-03-13,25,Expansion,12,David Kim,2023-05-23,100,,
OPP-00441,ACC-00099,Europa Retail,Europa Retail - New License,Negotiation,209000,USD,2025-10-13,2023-03-02,9,New Business,12,James Park,2025-03-26,75,,
OPP-00442,ACC-00100,Nordic Shops AB,Nordic Shops AB - Initial Contract,Closed Lost,83000,EUR,2023-03-24,2022-12-24,9,New Business,12,Lisa Wang,2023-03-24,0,,
OPP-00443,ACC-00101,Pacific Mart,Pacific Mart - Contract Renewal,Proposal,143000,USD,2025-11-07,2022-11-12,29,Renewal,12,James Park,2025-03-14,50,,
OPP-00444,ACC-00102,Bazaar Tech,Bazaar Tech - Tier Upgrade,Discovery,72000,USD,2025-04-18,2024-05-20,13,Expansion,12,Mike Rodriguez,2025-03-26,25,POC setup,
OPP-00445,ACC-00103,Mercado,Mercado - Annual Renewal,Closed Won,242000,USD,2024-01-17,2022-08-26,13,Renewal,12,Sarah Chen,2024-01-17,100,,
OPP-00446,ACC-00104,Beacon Retail Group,Beacon Retail Group - Tier Upgrade,Proposal,249000,USD,2025-10-22,2024-03-22,23,Expansion,12,James Park,2025-03-18,50,Demo scheduled,
OPP-00447,ACC-00105,EduPath Learning,EduPath Learning - Tier Upgrade,Closed Lost,191000,USD,2024-01-06,2022-09-11,20,Expansion,12,Emma Thompson,2024-01-06,0,,
OPP-00448,ACC-00106,Bright Minds,Bright Minds - Module Add-on,Proposal,216000,USD,2025-10-20,2024-03-22,16,Expansion,12,James Park,2025-03-04,50,,
OPP-00449,ACC-00107,LearnSphere Inc.,LearnSphere Inc. - Seat Expansion,Closed Lost,175000,USD,2025-01-08,2022-06-14,13,Expansion,12,Sarah Chen,2025-01-08,0,,
OPP-00450,ACC-00108,AcademiQ Solutions,AcademiQ Solutions - Initial Contract,Closed Won,101000,USD,2025-02-12,2024-11-17,20,New Business,12,David Kim,2025-02-12,100,,
